First,Last,Username,Department,Password,JobTitle
Arthur,Sterling,a.sterling,01-Executives,SolarisElite2026!,CEO
Joan,Holloway,j.holloway,01-Executives,SolarisElite2026!,Creative Director
Peggy,Olson,p.olson,02-Creative,Solaris2026!,Copywriter
Stan,Rizzo,s.rizzo,02-Creative,Solaris2026!,Art Director
Michael,Ginsberg,m.ginsberg,02-Creative,Solaris2024!,Junior Designer
Pete,Campbell,p.campbell,03-Finance,MoneyMatters2026!,Account Manager
Bert,Cooper,b.cooper,04-IT-Admin,AdminSolaris!,Senior SysAdmin
Bobby,Crane,b.crane,04-IT-Admin,Solaris2026!,Helpdesk
svc,backup,svc_backup,05-Service-Accounts,Backup123!,Backup Service
